"category","ave_diversity_out.coef","ave_diversity_out.lower_ci","ave_diversity_out.upper_ci","weakness_diversity.coef","weakness_diversity.lower_ci","weakness_diversity.upper_ci"
0,0.00466036708077455,0.00306011306098814,0.00626062110056095,0.00645943155187802,0.00439316095600689,0.00852570214774915
1,0.00742911153050906,0.00590239044658948,0.00895583261442863,0.00508907080619906,0.00298404083404597,0.00719410077835215
